Product,Keyword,Campaign,Criterion Type
sofas,sofas buy,SEM_Sofas,Exact
sofas,buy sofas,SEM_Sofas,Exact
sofas,sofas price,SEM_Sofas,Exact
sofas,price sofas,SEM_Sofas,Exact
sofas,sofas discount,SEM_Sofas,Exact
sofas,discount sofas,SEM_Sofas,Exact
sofas,sofas promotion,SEM_Sofas,Exact
sofas,promotion sofas,SEM_Sofas,Exact
sofas,sofas promo,SEM_Sofas,Exact
sofas,promo sofas,SEM_Sofas,Exact
sofas,sofas shop,SEM_Sofas,Exact
sofas,shop sofas,SEM_Sofas,Exact
sofas,sofas small,SEM_Sofas,Exact
sofas,small sofas,SEM_Sofas,Exact
sofas,sofas big,SEM_Sofas,Exact
sofas,big sofas,SEM_Sofas,Exact
sofas,sofas comfortable,SEM_Sofas,Exact
sofas,comfortable sofas,SEM_Sofas,Exact
sofas,sofas grey,SEM_Sofas,Exact
sofas,grey sofas,SEM_Sofas,Exact
sofas,sofas white,SEM_Sofas,Exact
sofas,white sofas,SEM_Sofas,Exact
sofas,sofas black,SEM_Sofas,Exact
sofas,black sofas,SEM_Sofas,Exact
sofas,sofas cheap,SEM_Sofas,Exact
sofas,cheap sofas,SEM_Sofas,Exact
sofas,sofas on budget,SEM_Sofas,Exact
sofas,on budget sofas,SEM_Sofas,Exact
convertible sofas,convertible sofas buy,SEM_Sofas,Exact
convertible sofas,buy convertible sofas,SEM_Sofas,Exact
convertible sofas,convertible sofas price,SEM_Sofas,Exact
convertible sofas,price convertible sofas,SEM_Sofas,Exact
convertible sofas,convertible sofas discount,SEM_Sofas,Exact
convertible sofas,discount convertible sofas,SEM_Sofas,Exact
convertible sofas,convertible sofas promotion,SEM_Sofas,Exact
convertible sofas,promotion convertible sofas,SEM_Sofas,Exact
convertible sofas,convertible sofas promo,SEM_Sofas,Exact
convertible sofas,promo convertible sofas,SEM_Sofas,Exact
convertible sofas,convertible sofas shop,SEM_Sofas,Exact
convertible sofas,shop convertible sofas,SEM_Sofas,Exact
convertible sofas,convertible sofas small,SEM_Sofas,Exact
convertible sofas,small convertible sofas,SEM_Sofas,Exact
convertible sofas,convertible sofas big,SEM_Sofas,Exact
convertible sofas,big convertible sofas,SEM_Sofas,Exact
convertible sofas,convertible sofas comfortable,SEM_Sofas,Exact
convertible sofas,comfortable convertible sofas,SEM_Sofas,Exact
convertible sofas,convertible sofas grey,SEM_Sofas,Exact
convertible sofas,grey convertible sofas,SEM_Sofas,Exact
convertible sofas,convertible sofas white,SEM_Sofas,Exact
convertible sofas,white convertible sofas,SEM_Sofas,Exact
convertible sofas,convertible sofas black,SEM_Sofas,Exact
convertible sofas,black convertible sofas,SEM_Sofas,Exact
convertible sofas,convertible sofas cheap,SEM_Sofas,Exact
convertible sofas,cheap convertible sofas,SEM_Sofas,Exact
convertible sofas,convertible sofas on budget,SEM_Sofas,Exact
convertible sofas,on budget convertible sofas,SEM_Sofas,Exact
love seats,love seats buy,SEM_Sofas,Exact
love seats,buy love seats,SEM_Sofas,Exact
love seats,love seats price,SEM_Sofas,Exact
love seats,price love seats,SEM_Sofas,Exact
love seats,love seats discount,SEM_Sofas,Exact
love seats,discount love seats,SEM_Sofas,Exact
love seats,love seats promotion,SEM_Sofas,Exact
love seats,promotion love seats,SEM_Sofas,Exact
love seats,love seats promo,SEM_Sofas,Exact
love seats,promo love seats,SEM_Sofas,Exact
love seats,love seats shop,SEM_Sofas,Exact
love seats,shop love seats,SEM_Sofas,Exact
love seats,love seats small,SEM_Sofas,Exact
love seats,small love seats,SEM_Sofas,Exact
love seats,love seats big,SEM_Sofas,Exact
love seats,big love seats,SEM_Sofas,Exact
love seats,love seats comfortable,SEM_Sofas,Exact
love seats,comfortable love seats,SEM_Sofas,Exact
love seats,love seats grey,SEM_Sofas,Exact
love seats,grey love seats,SEM_Sofas,Exact
love seats,love seats white,SEM_Sofas,Exact
love seats,white love seats,SEM_Sofas,Exact
love seats,love seats black,SEM_Sofas,Exact
love seats,black love seats,SEM_Sofas,Exact
love seats,love seats cheap,SEM_Sofas,Exact
love seats,cheap love seats,SEM_Sofas,Exact
love seats,love seats on budget,SEM_Sofas,Exact
love seats,on budget love seats,SEM_Sofas,Exact
recliners,recliners buy,SEM_Sofas,Exact
recliners,buy recliners,SEM_Sofas,Exact
recliners,recliners price,SEM_Sofas,Exact
recliners,price recliners,SEM_Sofas,Exact
recliners,recliners discount,SEM_Sofas,Exact
recliners,discount recliners,SEM_Sofas,Exact
recliners,recliners promotion,SEM_Sofas,Exact
recliners,promotion recliners,SEM_Sofas,Exact
recliners,recliners promo,SEM_Sofas,Exact
recliners,promo recliners,SEM_Sofas,Exact
recliners,recliners shop,SEM_Sofas,Exact
recliners,shop recliners,SEM_Sofas,Exact
recliners,recliners small,SEM_Sofas,Exact
recliners,small recliners,SEM_Sofas,Exact
recliners,recliners big,SEM_Sofas,Exact
recliners,big recliners,SEM_Sofas,Exact
recliners,recliners comfortable,SEM_Sofas,Exact
recliners,comfortable recliners,SEM_Sofas,Exact
recliners,recliners grey,SEM_Sofas,Exact
recliners,grey recliners,SEM_Sofas,Exact
recliners,recliners white,SEM_Sofas,Exact
recliners,white recliners,SEM_Sofas,Exact
recliners,recliners black,SEM_Sofas,Exact
recliners,black recliners,SEM_Sofas,Exact
recliners,recliners cheap,SEM_Sofas,Exact
recliners,cheap recliners,SEM_Sofas,Exact
recliners,recliners on budget,SEM_Sofas,Exact
recliners,on budget recliners,SEM_Sofas,Exact
sofa beds,sofa beds buy,SEM_Sofas,Exact
sofa beds,buy sofa beds,SEM_Sofas,Exact
sofa beds,sofa beds price,SEM_Sofas,Exact
sofa beds,price sofa beds,SEM_Sofas,Exact
sofa beds,sofa beds discount,SEM_Sofas,Exact
sofa beds,discount sofa beds,SEM_Sofas,Exact
sofa beds,sofa beds promotion,SEM_Sofas,Exact
sofa beds,promotion sofa beds,SEM_Sofas,Exact
sofa beds,sofa beds promo,SEM_Sofas,Exact
sofa beds,promo sofa beds,SEM_Sofas,Exact
sofa beds,sofa beds shop,SEM_Sofas,Exact
sofa beds,shop sofa beds,SEM_Sofas,Exact
sofa beds,sofa beds small,SEM_Sofas,Exact
sofa beds,small sofa beds,SEM_Sofas,Exact
sofa beds,sofa beds big,SEM_Sofas,Exact
sofa beds,big sofa beds,SEM_Sofas,Exact
sofa beds,sofa beds comfortable,SEM_Sofas,Exact
sofa beds,comfortable sofa beds,SEM_Sofas,Exact
sofa beds,sofa beds grey,SEM_Sofas,Exact
sofa beds,grey sofa beds,SEM_Sofas,Exact
sofa beds,sofa beds white,SEM_Sofas,Exact
sofa beds,white sofa beds,SEM_Sofas,Exact
sofa beds,sofa beds black,SEM_Sofas,Exact
sofa beds,black sofa beds,SEM_Sofas,Exact
sofa beds,sofa beds cheap,SEM_Sofas,Exact
sofa beds,cheap sofa beds,SEM_Sofas,Exact
sofa beds,sofa beds on budget,SEM_Sofas,Exact
sofa beds,on budget sofa beds,SEM_Sofas,Exact
sofas,sofas buy,SEM_Sofas,Phrase
sofas,buy sofas,SEM_Sofas,Phrase
sofas,sofas price,SEM_Sofas,Phrase
sofas,price sofas,SEM_Sofas,Phrase
sofas,sofas discount,SEM_Sofas,Phrase
sofas,discount sofas,SEM_Sofas,Phrase
sofas,sofas promotion,SEM_Sofas,Phrase
sofas,promotion sofas,SEM_Sofas,Phrase
sofas,sofas promo,SEM_Sofas,Phrase
sofas,promo sofas,SEM_Sofas,Phrase
sofas,sofas shop,SEM_Sofas,Phrase
sofas,shop sofas,SEM_Sofas,Phrase
sofas,sofas small,SEM_Sofas,Phrase
sofas,small sofas,SEM_Sofas,Phrase
sofas,sofas big,SEM_Sofas,Phrase
sofas,big sofas,SEM_Sofas,Phrase
sofas,sofas comfortable,SEM_Sofas,Phrase
sofas,comfortable sofas,SEM_Sofas,Phrase
sofas,sofas grey,SEM_Sofas,Phrase
sofas,grey sofas,SEM_Sofas,Phrase
sofas,sofas white,SEM_Sofas,Phrase
sofas,white sofas,SEM_Sofas,Phrase
sofas,sofas black,SEM_Sofas,Phrase
sofas,black sofas,SEM_Sofas,Phrase
sofas,sofas cheap,SEM_Sofas,Phrase
sofas,cheap sofas,SEM_Sofas,Phrase
sofas,sofas on budget,SEM_Sofas,Phrase
sofas,on budget sofas,SEM_Sofas,Phrase
convertible sofas,convertible sofas buy,SEM_Sofas,Phrase
convertible sofas,buy convertible sofas,SEM_Sofas,Phrase
convertible sofas,convertible sofas price,SEM_Sofas,Phrase
convertible sofas,price convertible sofas,SEM_Sofas,Phrase
convertible sofas,convertible sofas discount,SEM_Sofas,Phrase
convertible sofas,discount convertible sofas,SEM_Sofas,Phrase
convertible sofas,convertible sofas promotion,SEM_Sofas,Phrase
convertible sofas,promotion convertible sofas,SEM_Sofas,Phrase
convertible sofas,convertible sofas promo,SEM_Sofas,Phrase
convertible sofas,promo convertible sofas,SEM_Sofas,Phrase
convertible sofas,convertible sofas shop,SEM_Sofas,Phrase
convertible sofas,shop convertible sofas,SEM_Sofas,Phrase
convertible sofas,convertible sofas small,SEM_Sofas,Phrase
convertible sofas,small convertible sofas,SEM_Sofas,Phrase
convertible sofas,convertible sofas big,SEM_Sofas,Phrase
convertible sofas,big convertible sofas,SEM_Sofas,Phrase
convertible sofas,convertible sofas comfortable,SEM_Sofas,Phrase
convertible sofas,comfortable convertible sofas,SEM_Sofas,Phrase
convertible sofas,convertible sofas grey,SEM_Sofas,Phrase
convertible sofas,grey convertible sofas,SEM_Sofas,Phrase
convertible sofas,convertible sofas white,SEM_Sofas,Phrase
convertible sofas,white convertible sofas,SEM_Sofas,Phrase
convertible sofas,convertible sofas black,SEM_Sofas,Phrase
convertible sofas,black convertible sofas,SEM_Sofas,Phrase
convertible sofas,convertible sofas cheap,SEM_Sofas,Phrase
convertible sofas,cheap convertible sofas,SEM_Sofas,Phrase
convertible sofas,convertible sofas on budget,SEM_Sofas,Phrase
convertible sofas,on budget convertible sofas,SEM_Sofas,Phrase
love seats,love seats buy,SEM_Sofas,Phrase
love seats,buy love seats,SEM_Sofas,Phrase
love seats,love seats price,SEM_Sofas,Phrase
love seats,price love seats,SEM_Sofas,Phrase
love seats,love seats discount,SEM_Sofas,Phrase
love seats,discount love seats,SEM_Sofas,Phrase
love seats,love seats promotion,SEM_Sofas,Phrase
love seats,promotion love seats,SEM_Sofas,Phrase
love seats,love seats promo,SEM_Sofas,Phrase
love seats,promo love seats,SEM_Sofas,Phrase
love seats,love seats shop,SEM_Sofas,Phrase
love seats,shop love seats,SEM_Sofas,Phrase
love seats,love seats small,SEM_Sofas,Phrase
love seats,small love seats,SEM_Sofas,Phrase
love seats,love seats big,SEM_Sofas,Phrase
love seats,big love seats,SEM_Sofas,Phrase
love seats,love seats comfortable,SEM_Sofas,Phrase
love seats,comfortable love seats,SEM_Sofas,Phrase
love seats,love seats grey,SEM_Sofas,Phrase
love seats,grey love seats,SEM_Sofas,Phrase
love seats,love seats white,SEM_Sofas,Phrase
love seats,white love seats,SEM_Sofas,Phrase
love seats,love seats black,SEM_Sofas,Phrase
love seats,black love seats,SEM_Sofas,Phrase
love seats,love seats cheap,SEM_Sofas,Phrase
love seats,cheap love seats,SEM_Sofas,Phrase
love seats,love seats on budget,SEM_Sofas,Phrase
love seats,on budget love seats,SEM_Sofas,Phrase
recliners,recliners buy,SEM_Sofas,Phrase
recliners,buy recliners,SEM_Sofas,Phrase
recliners,recliners price,SEM_Sofas,Phrase
recliners,price recliners,SEM_Sofas,Phrase
recliners,recliners discount,SEM_Sofas,Phrase
recliners,discount recliners,SEM_Sofas,Phrase
recliners,recliners promotion,SEM_Sofas,Phrase
recliners,promotion recliners,SEM_Sofas,Phrase
recliners,recliners promo,SEM_Sofas,Phrase
recliners,promo recliners,SEM_Sofas,Phrase
recliners,recliners shop,SEM_Sofas,Phrase
recliners,shop recliners,SEM_Sofas,Phrase
recliners,recliners small,SEM_Sofas,Phrase
recliners,small recliners,SEM_Sofas,Phrase
recliners,recliners big,SEM_Sofas,Phrase
recliners,big recliners,SEM_Sofas,Phrase
recliners,recliners comfortable,SEM_Sofas,Phrase
recliners,comfortable recliners,SEM_Sofas,Phrase
recliners,recliners grey,SEM_Sofas,Phrase
recliners,grey recliners,SEM_Sofas,Phrase
recliners,recliners white,SEM_Sofas,Phrase
recliners,white recliners,SEM_Sofas,Phrase
recliners,recliners black,SEM_Sofas,Phrase
recliners,black recliners,SEM_Sofas,Phrase
recliners,recliners cheap,SEM_Sofas,Phrase
recliners,cheap recliners,SEM_Sofas,Phrase
recliners,recliners on budget,SEM_Sofas,Phrase
recliners,on budget recliners,SEM_Sofas,Phrase
sofa beds,sofa beds buy,SEM_Sofas,Phrase
sofa beds,buy sofa beds,SEM_Sofas,Phrase
sofa beds,sofa beds price,SEM_Sofas,Phrase
sofa beds,price sofa beds,SEM_Sofas,Phrase
sofa beds,sofa beds discount,SEM_Sofas,Phrase
sofa beds,discount sofa beds,SEM_Sofas,Phrase
sofa beds,sofa beds promotion,SEM_Sofas,Phrase
sofa beds,promotion sofa beds,SEM_Sofas,Phrase
sofa beds,sofa beds promo,SEM_Sofas,Phrase
sofa beds,promo sofa beds,SEM_Sofas,Phrase
sofa beds,sofa beds shop,SEM_Sofas,Phrase
sofa beds,shop sofa beds,SEM_Sofas,Phrase
sofa beds,sofa beds small,SEM_Sofas,Phrase
sofa beds,small sofa beds,SEM_Sofas,Phrase
sofa beds,sofa beds big,SEM_Sofas,Phrase
sofa beds,big sofa beds,SEM_Sofas,Phrase
sofa beds,sofa beds comfortable,SEM_Sofas,Phrase
sofa beds,comfortable sofa beds,SEM_Sofas,Phrase
sofa beds,sofa beds grey,SEM_Sofas,Phrase
sofa beds,grey sofa beds,SEM_Sofas,Phrase
sofa beds,sofa beds white,SEM_Sofas,Phrase
sofa beds,white sofa beds,SEM_Sofas,Phrase
sofa beds,sofa beds black,SEM_Sofas,Phrase
sofa beds,black sofa beds,SEM_Sofas,Phrase
sofa beds,sofa beds cheap,SEM_Sofas,Phrase
sofa beds,cheap sofa beds,SEM_Sofas,Phrase
sofa beds,sofa beds on budget,SEM_Sofas,Phrase
sofa beds,on budget sofa beds,SEM_Sofas,Phrase
